[{"code":"1","title":"frutilla","description":"fruta roja","price":1,"thumbnail":"frutilla.png","stock":10,"id":1},{"code":"4","title":"banana","description":"fruta amarilla. sin carozo","price":1,"thumbnail":"banana.png","stock":10,"id":2},{"code":"2","title":"limon","description":"fruta amarilla","price":1,"thumbnail":"limon.png","stock":10,"id":3},{"code":"3","title":"sandia","description":"fruta verde Redonda. muy grande","price":1,"thumbnail":"sandia.png","stock":10,"id":4},{"code":"5","title":"uva","description":"fruta redonda chiquita","price":1,"thumbnail":"uva.png","stock":10,"id":5},{"code":"6","title":"melon","description":"fruta amarilla Redonda. famosa por el coctel","price":1,"thumbnail":"melon.png","stock":10,"id":6},{"code":"7","title":"pera","description":"fruta amarilla panzona","price":1,"thumbnail":"pera.png","stock":10,"id":7},{"code":"8","title":"tomate","description":"fruta roja, comun en salsa","price":1,"thumbnail":"tomate.png","stock":10,"id":8},{"code":"9","title":"mango","description":"fruta naranja Redonda. cascara lisa","price":1,"thumbnail":"mango.png","stock":10,"id":9},{"code":"10","title":"naranja","description":"fruta naranja, color y nombre coinciden","price":1,"thumbnail":"naranja.png","stock":10,"id":10}]