{"contenidoStr":"{\n  \"name\": \"monitojs\",\n  \"version\": \"1.0.0\",\n  \"description\": \"un conjunto muy grande de cosas chiquitas\",\n  \"main\": \"main.js\",\n  \"scripts\": {\n    \"test\": \"echo \\\"Error: no test specified\\\" && exit 1\"\n  },\n  \"repository\": {\n    \"type\": \"git\",\n    \"url\": \"git+https://github.com/casanovamanuel/bejsproject.git\"\n  },\n  \"author\": \"Manuel Casanova\",\n  \"license\": \"GPL-3.0-or-later\",\n  \"bugs\": {\n    \"url\": \"https://github.com/casanovamanuel/bejsproject/issues\"\n  },\n  \"homepage\": \"https://github.com/casanovamanuel/bejsproject#readme\",\n  \"type\": \"module\",\n  \"dependencies\": {\n    \"buffer\": \"^6.0.3\"\n  }\n}\n","contenidoJson":{"name":"monitojs","version":"1.0.0","description":"un conjunto muy grande de cosas chiquitas","main":"main.js","scripts":{"test":"echo \"Error: no test specified\" && exit 1"},"repository":{"type":"git","url":"git+https://github.com/casanovamanuel/bejsproject.git"},"author":"Manuel Casanova","license":"GPL-3.0-or-later","bugs":{"url":"https://github.com/casanovamanuel/bejsproject/issues"},"homepage":"https://github.com/casanovamanuel/bejsproject#readme","type":"module","dependencies":{"buffer":"^6.0.3"}},"size":602}